包名,描述
p22p 0.4.2,Relay data between clients using a central server
p2p 1.4.5,Tribune Content Services API wrapper
p4p 4.2.0,Python interface to PVAccess protocol client
p5p5 5.0.1,A test upload
101703375-p2 0.1.0,Removal of outliers using pandas
24p 0.2.0,24Point
3p0 0.0.10,"A multi-language library for translating commands between PyTorch, TensorFlow, and TensorFlow.js"
p 1.5.0,Aliases any available project commands or scripts to `p <name>`.
p12 3.12.0.dev1,Stuff for Python 3.12.0
p2 1.0.1,Rerun command by watching modified file
p-2 1.0.1,A Python package to get my name
p2019 1.0,这是第一个对外发布的模块，测试哦
p2022 0.0.4,Propelwise Modules
p24 0.4,Set of tools for utilizing Przelewy24 API
p29 1.3.0,A simple painter of nested list
p3 0.2.1,a minimal d3 for python
p3270 0.1.6,Python library to communicate with IBM hosts
p5 0.8.4,Creative coding in Python
p52 0.0.1,
p5250 0.1.0,"Python library to communicate with IBM i hosts, based on the 5250 protocol. For example AS400."
